{"S0": 0.002581, "S1": 0.000927, "S2": 0.0017998, "S3": 0.002518, "S4": 0.0031518, "S5": 0.0001055, "S6": 0.0003318, "S7": 0.0014241, "S8": 0.0020114, "S9": 0.0007451, "S10": 0.0025275, "S11": 0.0010665, "S12": 9.91e-05, "S13": 0.0005162, "S14": 0.0006471, "S15": 0.00023, "S16": 0.0015606, "S17": 0.0046216, "S18": 0.0017788, "S19": 0.0012039, "S20": 0.0029334, "S21": 0.0011826, "S22": 0.0006543, "S23": 0.0001376, "S24": 0.0051135, "S25": 0.0002779, "S26": 0.0022713, "S27": 0.000361, "S28": 0.0028496, "S29": 0.0017667, "S30": 0.0005769, "S31": 0.0001237, "S32": 0.0002978, "S33": 0.0013068, "S34": 0.0001945, "S35": 0.0037126, "S36": 0.0008476, "S37": 0.0004184, "S38": 0.0002906, "S39": 0.0053333, "S40": 9.56e-05, "S41": 0.0010994, "S42": 0.0013694, "S43": 0.0016693, "S44": 0.0002407, "S45": 0.0008639, "S46": 0.0026704, "S47": 0.0066965, "S48": 1.9e-05, "S49": 0.0018685, "S50": 0.0018249, "S51": 0.0028516, "S52": 0.0003945, "S53": 0.0013997, "S54": 0.0011719, "S55": 0.001195, "S56": 0.0016752, "S57": 0.0002578, "S58": 0.0001023, "S59": 0.0079549, "S60": 6.85e-05, "S61": 0.000343, "S62": 0.0012053, "S63": 0.0004549, "S64": 0.0009265, "S65": 0.0003042, "S66": 0.0011168, "S67": 0.003957, "S68": 0.0039915, "S69": 0.0012255, "S70": 0.0032321, "S71": 0.0009294, "S72": 0.0034045, "S73": 0.0041926, "S74": 0.0007936, "S75": 0.0017549, "S76": 3.97e-05, "S77": 0.0003823, "S78": 0.0016199, "S79": 0.0011553, "S80": 0.000174, "S81": 0.0009124, "S82": 0.000291, "S83": 0.0044287, "S84": 7.96e-05, "S85": 0.0001742, "S86": 0.0004184, "S87": 0.0020964, "S88": 0.0007284, "S89": 0.0003058, "S90": 0.0001387, "S91": 0.0008532, "S92": 0.0011289, "S93": 0.0006115, "S94": 0.0002675, "S95": 0.0014111, "S96": 0.0026143, "S97": 0.0005293, "S98": 0.0013935, "S99": 0.0009152, "S100": 0.0009885, "S101": 0.0037151, "S102": 0.0001965, "S103": 0.0014447, "S104": 0.0010162, "S105": 0.0019857, "S106": 0.0088299, "S107": 5.49e-05, "S108": 0.0001648, "S109": 0.000617, "S110": 0.0011154, "S111": 0.0009191, "S112": 0.0014844, "S113": 0.0005018, "S114": 0.0033465, "S115": 0.0005913, "S116": 0.0011221, "S117": 0.0004727, "S118": 0.0013986, "S119": 0.0004966, "S120": 0.0011074, "S121": 0.0009496, "S122": 0.0003865, "S123": 0.0048564, "S124": 0.0005114, "S125": 0.003187, "S126": 0.0006463, "S127": 5.47e-05, "S128": 0.0007831, "S129": 0.0013783, "S130": 0.0006745, "S131": 0.0042148, "S132": 0.0003856, "S133": 0.0004997, "S134": 0.0007622, "S135": 0.0047792, "S136": 7.17e-05, "S137": 0.0012035, "S138": 0.0037644, "S139": 0.000625, "S140": 0.0024085, "S141": 0.0006246, "S142": 0.0010491, "S143": 4.5e-06, "S144": 0.0004156, "S145": 0.0005545, "S146": 0.0004969, "S147": 0.0025814, "S148": 0.0033256, "S149": 0.000284, "S150": 0.0045667, "S151": 0.0034501, "S152": 0.0067093, "S153": 0.0001753, "S154": 0.0011946, "S155": 0.0030851, "S156": 0.0014597, "S157": 0.0003316, "S158": 0.0004003, "S159": 0.0002247, "S160": 6.9e-05, "S161": 0.0005451, "S162": 0.0003607, "S163": 0.0013725, "S164": 0.0003342, "S165": 0.0006351, "S166": 0.0010657, "S167": 0.0009019, "S168": 0.000222, "S169": 0.0002105, "S170": 0.002566, "S171": 0.0006093, "S172": 0.0004577, "S173": 0.0007596, "S174": 0.001287, "S175": 0.0030232, "S176": 0.0008927, "S177": 0.0005181, "S178": 0.0036951, "S179": 0.0009284, "S180": 0.0002703, "S181": 0.0038847, "S182": 0.0016184, "S183": 0.0047289, "S184": 0.0004558, "S185": 0.0028479, "S186": 0.0018528, "S187": 0.0038136, "S188": 0.0005794, "S189": 0.0002123, "S190": 0.0001521, "S191": 0.0053451, "S192": 0.003436, "S193": 0.0008295, "S194": 0.003981, "S195": 0.0015079, "S196": 0.0018341, "S197": 0.0005005, "S198": 0.001047, "S199": 0.0022098, "S200": 0.0003948, "S201": 0.0022892, "S202": 0.0005652, "S203": 0.0010796, "S204": 8.24e-05, "S205": 0.0019584, "S206": 0.0011233, "S207": 0.0035433, "S208": 0.001557, "S209": 0.0002992, "S210": 0.0004614, "S211": 6.91e-05, "S212": 0.0016719, "S213": 0.0002886, "S214": 0.0012979, "S215": 0.0006847, "S216": 0.0007809, "S217": 4.76e-05, "S218": 0.0005208, "S219": 0.0015587, "S220": 0.002909, "S221": 7.32e-05, "S222": 0.0018881, "S223": 0.0012499, "S224": 0.0005812, "S225": 0.0011243, "S226": 0.0020453, "S227": 0.0011986, "S228": 1.33e-05, "S229": 0.0032803, "S230": 0.0017072, "S231": 4.63e-05, "S232": 0.0005731, "S233": 0.0018591, "S234": 0.0020618, "S235": 0.0004532, "S236": 0.0024052, "S237": 0.0007879, "S238": 0.0036339, "S239": 0.0049168, "S240": 0.0022514, "S241": 0.0001836, "S242": 0.0029966, "S243": 1.84e-05, "S244": 0.0035185, "S245": 0.0009262, "S246": 0.0002248, "S247": 0.0011735, "S248": 0.0019245, "S249": 0.0019708, "S250": 0.0018528, "S251": 0.0002312, "S252": 0.0004496, "S253": 0.0004831, "S254": 0.0009051, "S255": 0.0027026, "S256": 0.003981, "S257": 0.0036762, "S258": 0.0023842, "S259": 0.0001249, "S260": 0.0007155, "S261": 0.0035827, "S262": 0.0006534, "S263": 0.0018645, "S264": 0.0014679, "S265": 0.0008117, "S266": 0.0018294, "S267": 0.000992, "S268": 0.0008839, "S269": 4.52e-05, "S270": 0.0016574, "S271": 0.0016333, "S272": 0.0012587, "S273": 0.0007123, "S274": 0.0001575, "S275": 0.0008961, "S276": 0.0003297, "S277": 0.0006705, "S278": 0.0002881, "S279": 0.0031927, "S280": 3.55e-05, "S281": 0.0008827, "S282": 2.58e-05, "S283": 0.0005362, "S284": 0.0004684, "S285": 0.0005916, "S286": 0.0008497, "S287": 1.79e-05, "S288": 0.0032852, "S289": 0.0014483, "S290": 8.88e-05, "S291": 8.03e-05, "S292": 0.004345, "S293": 0.0024619, "S294": 0.0040637, "S295": 0.0004434, "S296": 0.00091, "S297": 0.0015463, "S298": 0.0028183, "S299": 0.0005622, "S300": 0.000129, "S301": 7.03e-05, "S302": 0.0019421, "S303": 0.0016982, "S304": 0.0031468, "S305": 5.17e-05, "S306": 0.0053635, "S307": 0.0004596, "S308": 0.0026225, "S309": 0.0003916, "S310": 0.0018733, "S311": 0.0002317, "S312": 0.000651, "S313": 0.0014188, "S314": 0.000328, "S315": 0.0004837, "S316": 0.0016521, "S317": 0.0002882, "S318": 0.0047402, "S319": 0.0009683, "S320": 0.0007408, "S321": 0.0002869, "S322": 0.0044419, "S323": 0.0007517, "S324": 3.35e-05, "S325": 0.0039313, "S326": 0.0032207, "S327": 0.0002314, "S328": 8.39e-05, "S329": 0.0030897, "S330": 0.0006154, "S331": 0.0006831, "S332": 0.0003081, "S333": 0.0026423, "S334": 0.0005828, "S335": 0.0036492, "S336": 0.0008385, "S337": 0.0013479, "S338": 0.0022116, "S339": 0.0020241, "S340": 0.0007832, "S341": 0.000909, "S342": 0.0022473, "S343": 0.0029516, "S344": 0.0025298, "S345": 0.0023056, "S346": 0.0001562, "S347": 0.0002755, "S348": 0.0014223, "S349": 0.0048523, "S350": 0.0003175, "S351": 0.0029875, "S352": 0.0001988, "S353": 0.0026205, "S354": 0.0017051, "S355": 0.0050272, "S356": 0.0003246, "S357": 0.0003447, "S358": 0.0016593, "S359": 7.91e-05, "S360": 0.0023031, "S361": 0.0007613, "S362": 2.16e-05, "S363": 0.0007133, "S364": 0.0059007, "S365": 0.0009564, "S366": 0.0006138, "S367": 0.0018845, "S368": 0.0040654, "S369": 0.0023938, "S370": 5.2e-05, "S371": 0.0084651, "S372": 0.0017438, "S373": 0.0010968, "S374": 0.0002842, "S375": 0.0006052, "S376": 0.0002117, "S377": 0.0018873, "S378": 0.0014878, "S379": 0.0009688, "S380": 0.0002243, "S381": 0.004789, "S382": 0.0011671, "S383": 0.0033021, "S384": 0.0021005, "S385": 0.000925, "S386": 0.0005106, "S387": 0.0028517, "S388": 0.0020212, "S389": 0.0053327, "S390": 2.47e-05, "S391": 0.0014493, "S392": 0.0003967, "S393": 0.0005635, "S394": 0.0007056, "S395": 0.002391, "S396": 0.0002612, "S397": 0.0008247, "S398": 2.04e-05, "S399": 0.0016689, "S400": 0.0025235, "S401": 5.05e-05, "S402": 0.0001124, "S403": 0.0039738, "S404": 0.0073687, "S405": 0.0002168, "S406": 0.0005679, "S407": 0.0018416, "S408": 0.0025051, "S409": 0.0016461, "S410": 0.0012139, "S411": 0.0011762, "S412": 0.0057314, "S413": 0.0002283, "S414": 0.0011714, "S415": 0.0001464, "S416": 0.00207, "S417": 0.0003885, "S418": 0.0007861, "S419": 0.0013196, "S420": 0.0007635, "S421": 0.0011425, "S422": 0.0012486, "S423": 0.0009598, "S424": 0.0004375, "S425": 0.0001313, "S426": 0.0008648, "S427": 0.0005302, "S428": 0.0005502, "S429": 0.0009413,