{"S0": 0.0008367, "S1": 0.0013388, "S2": 0.0007969, "S3": 0.0140299, "S4": 0.0063221, "S5": 0.0070544, "S6": 0.0418678, "S7": 0.003358, "S8": 0.0113055, "S9": 0.0323488, "S10": 0.0077919, "S11": 0.0021684, "S12": 0.0258962, "S13": 0.0050339, "S14": 0.0048418, "S15": 0.0157581, "S16": 0.0091209, "S17": 0.0036474, "S18": 0.0083835, "S19": 0.0166807, "S20": 0.0023358, "S21": 0.0031416, "S22": 0.0353226, "S23": 0.0247137, "S24": 0.0043219, "S25": 0.0028615, "S26": 0.0042503, "S27": 0.0022938, "S28": 0.0010532, "S29": 0.0040692, "S30": 0.0236487, "S31": 0.0147802, "S32": 0.0126375, "S33": 0.0082132, "S34": 0.0035789, "S35": 0.00419, "S36": 0.003285, "S37": 0.0045148, "S38": 0.0040162, "S39": 0.0321813, "S40": 0.0056453, "S41": 0.0054589, "S42": 0.0088767, "S43": 0.0070357, "S44": 0.0059668, "S45": 0.0080781, "S46": 0.0064751, "S47": 0.0023728, "S48": 0.004444, "S49": 0.0025096, "S50": 0.0086453, "S51": 0.0027208, "S52": 0.0030412, "S53": 0.0034634, "S54": 0.0023245, "S55": 0.0146531, "S56": 0.0028136, "S57": 0.0080076, "S58": 0.007062, "S59": 0.0071545, "S60": 0.0207594, "S61": 0.0110637, "S62": 0.0133536, "S63": 0.0014579, "S64": 0.009108, "S65": 0.0096407, "S66": 0.0376908, "S67": 0.004355, "S68": 0.0054533, "S69": 0.0104815, "S70": 0.029508, "S71": 0.0151249, "S72": 0.00081, "S73": 0.0025827, "S74": 0.0019375, "S75": 0.0007841, "S76": 0.0173487, "S77": 0.0291636, "S78": 0.0336319, "S79": 0.0025475, "S80": 0.0061011, "S81": 0.0022023, "S82": 0.0230069, "S83": 0.0058182, "S84": 0.0063117, "S85": 0.0088147, "S86": 0.0152724, "S87": 0.0113062, "S88": 0.0201538, "S89": 0.0057723, "S90": 0.0046807, "S91": 0.037444, "S92": 0.0138324, "S93": 0.0123521, "S94": 0.00673, "S95": 0.0022962, "S96": 0.0013171, "S97": 0.015984, "S98": 0.0031055, "S99": 0.0099551}