{"S0": 6.17e-05, "S1": 0.0008532, "S2": 8.75e-05, "S3": 0.0004573, "S4": 0.0031358, "S5": 0.0007719, "S6": 0.000978, "S7": 0.0013012, "S8": 0.0003189, "S9": 0.0003534, "S10": 0.0003616, "S11": 0.000731, "S12": 0.0025043, "S13": 0.0021135, "S14": 0.0008305, "S15": 0.0060817, "S16": 0.0031085, "S17": 0.0018284, "S18": 0.0007197, "S19": 0.0019443, "S20": 0.0014241, "S21": 0.0011632, "S22": 0.0011281, "S23": 5.51e-05, "S24": 0.0002927, "S25": 3.93e-05, "S26": 4.65e-05, "S27": 0.0007814, "S28": 0.0017286, "S29": 0.0002982, "S30": 0.0016024, "S31": 8.17e-05, "S32": 0.0004156, "S33": 0.0005943, "S34": 0.0030958, "S35": 0.0014518, "S36": 0.0007895, "S37": 9.32e-05, "S38": 0.0003183, "S39": 0.0008527, "S40": 0.0006704, "S41": 0.0006342, "S42": 0.0048088, "S43": 0.0009237, "S44": 8.02e-05, "S45": 8.05e-05, "S46": 0.0002317, "S47": 0.0012209, "S48": 0.0004319, "S49": 8.48e-05, "S50": 5.91e-05, "S51": 0.0047574, "S52": 0.0025533, "S53": 9.99e-05, "S54": 0.0004683, "S55": 0.0007602, "S56": 0.0002021, "S57": 0.0004083, "S58": 0.0002887, "S59": 0.0005107, "S60": 0.0029353, "S61": 0.0025867, "S62": 0.0007025, "S63": 0.0013663, "S64": 0.0012363, "S65": 0.0004034, "S66": 0.0037733, "S67": 0.0001326, "S68": 3.41e-05, "S69": 0.0001055, "S70": 0.00094, "S71": 0.0019516, "S72": 0.0012761, "S73": 0.0021291, "S74": 0.0002835, "S75": 0.0002143, "S76": 0.0022144, "S77": 0.0021677, "S78": 0.0003671, "S79": 0.0009525, "S80": 0.0010402, "S81": 0.0011788, "S82": 0.0011263, "S83": 0.0037396, "S84": 0.0005097, "S85": 0.0004957, "S86": 0.0010484, "S87": 0.0018211, "S88": 0.0012081, "S89": 3.35e-05, "S90": 0.003488, "S91": 0.0006151, "S92": 0.001229, "S93": 0.0015595, "S94": 0.0005702, "S95": 0.0002449, "S96": 0.000511, "S97": 9.6e-06, "S98": 0.0024706, "S99": 0.0007312, "S100": 0.0010781, "S101": 0.0001319, "S102": 0.0002158, "S103": 0.0009615, "S104": 0.001661, "S105": 0.0003722, "S106": 0.0002008, "S107": 0.0017515, "S108": 0.0003895, "S109": 0.0031443, "S110": 0.0001185, "S111": 0.0009147, "S112": 0.0002052, "S113": 0.0010488, "S114": 0.000584, "S115": 0.0001225, "S116": 0.0002343, "S117": 0.0014339, "S118": 0.0004621, "S119": 0.0031508, "S120": 0.0013396, "S121": 0.0009998, "S122": 0.0003061, "S123": 0.0010741, "S124": 0.0001218, "S125": 0.0009459, "S126": 0.0001395, "S127": 3.23e-05, "S128": 0.0016824, "S129": 0.002239, "S130": 0.0015624, "S131": 0.0008989, "S132": 0.0017051, "S133": 0.0006023, "S134": 0.000123, "S135": 0.0008777, "S136": 0.001681, "S137": 0.0003475, "S138": 0.0004407, "S139": 0.0003228, "S140": 0.0002176, "S141": 0.0013495, "S142": 0.0005065, "S143": 0.0010772, "S144": 0.0007984, "S145": 0.0006295, "S146": 0.0002539, "S147": 0.0016886, "S148": 0.00096, "S149": 0.0002495, "S150": 0.0006324, "S151": 0.0009137, "S152": 0.0014831, "S153": 0.0016211, "S154": 0.0017746, "S155": 0.000322, "S156": 0.0017835, "S157": 0.0004974, "S158": 0.0041256, "S159": 0.0005322, "S160": 8.61e-05, "S161": 0.0014661, "S162": 0.0002074, "S163": 0.0008374, "S164": 0.0001244, "S165": 0.0005679, "S166": 0.0011244, "S167": 0.0038332, "S168": 0.0002223, "S169": 0.0002358, "S170": 0.0002493, "S171": 0.0002148, "S172": 0.0013413, "S173": 0.0005531, "S174": 0.0002329, "S175": 0.003742, "S176": 0.0003938, "S177": 2.95e-05, "S178": 0.0016224, "S179": 0.0021712, "S180": 0.0005238, "S181": 0.0001351, "S182": 0.0002819, "S183": 0.0001969, "S184": 0.0005642, "S185": 0.0008768, "S186": 0.0008694, "S187": 0.0005643, "S188": 0.0002115, "S189": 0.0001731, "S190": 0.0001107, "S191": 0.0009663, "S192": 0.0008901, "S193": 0.0001325, "S194": 8.16e-05, "S195": 0.0014488, "S196": 0.0064215, "S197": 5.66e-05, "S198": 0.0004947, "S199": 0.0013266, "S200": 0.0025997, "S201": 0.000283, "S202": 0.0002201, "S203": 0.0002957, "S204": 6.09e-05, "S205": 0.0018451, "S206": 0.0006591, "S207": 0.0005327, "S208": 0.0029496, "S209": 0.0018434, "S210": 6.14e-05, "S211": 0.0016354, "S212": 5.6e-05, "S213": 0.0002515, "S214": 0.0009905, "S215": 0.0001934, "S216": 0.0001867, "S217": 0.0033384, "S218": 0.0019279, "S219": 0.0011814, "S220": 6.08e-05, "S221": 0.0022516, "S222": 0.0011258, "S223": 0.0008991, "S224": 0.0023186, "S225": 0.0021605, "S226": 0.0011531, "S227": 0.0038254, "S228": 0.0015032, "S229": 0.0003826, "S230": 0.0020996, "S231": 0.0012136, "S232": 0.0004963, "S233": 0.0004668, "S234": 0.000478, "S235": 0.0002061, "S236": 0.0003236, "S237": 3.86e-05, "S238": 0.0014586, "S239": 0.0031367, "S240": 0.0003672, "S241": 0.0004965, "S242": 0.0017116, "S243": 8.51e-05, "S244": 7.28e-05, "S245": 0.0032457, "S246": 0.000515, "S247": 0.0001991, "S248": 0.0010295, "S249": 0.0004039, "S250": 0.0017066, "S251": 0.0026419, "S252": 0.0003842, "S253": 0.0005552, "S254": 0.0019681, "S255": 0.0004238, "S256": 0.0001306, "S257": 0.0008544, "S258": 0.0008931, "S259": 0.0012352, "S260": 0.0001152, "S261": 0.0005659, "S262": 0.0007749, "S263": 0.0025393, "S264": 0.000626, "S265": 0.0005819, "S266": 0.001457, "S267": 0.0014616, "S268": 0.0026963, "S269": 5.1e-06, "S270": 0.001586, "S271": 9.23e-05, "S272": 0.0008181, "S273": 0.0036642, "S274": 0.0007477, "S275": 7.3e-05, "S276": 0.0002409, "S277": 0.0001049, "S278": 0.0003643, "S279": 0.0001254, "S280": 0.0006062, "S281": 0.0009917, "S282": 0.0010474, "S283": 0.0001244, "S284": 0.0004065, "S285": 0.0014503, "S286": 0.0022919, "S287": 0.0004286, "S288": 0.0002417, "S289": 0.0009643, "S290": 0.0010304, "S291": 0.0004144, "S292": 0.000411, "S293": 0.0012849, "S294": 0.0039744, "S295": 0.0013351, "S296": 0.0040302, "S297": 0.0008395, "S298": 0.0021555, "S299": 8.48e-05, "S300": 0.0004834, "S301": 0.0006982, "S302": 4.46e-05, "S303": 0.0004417, "S304": 0.0005214, "S305": 0.0007073, "S306": 0.0073557, "S307": 0.0028887, "S308": 0.0033446, "S309": 0.0003605, "S310": 4.3e-05, "S311": 0.0002077, "S312": 0.000874, "S313": 0.0001156, "S314": 8.52e-05, "S315": 0.0007087, "S316": 0.0006355, "S317": 0.0001295, "S318": 0.0010808, "S319": 0.0017504, "S320": 0.0025117, "S321": 8.51e-05, "S322": 0.000204, "S323": 6.44e-05, "S324": 0.0011652, "S325": 0.0025664, "S326": 0.0028708, "S327": 0.0004358, "S328": 0.0005366, "S329": 0.0027391, "S330": 7.51e-05, "S331": 0.0015511, "S332": 0.0022136, "S333": 0.0003444, "S334": 0.001032, "S335": 0.000789, "S336": 0.0009086, "S337": 0.0002762, "S338": 0.001413, "S339": 0.0006008, "S340": 1.72e-05, "S341": 0.0002987, "S342": 0.0008607, "S343": 0.0016458, "S344": 0.0021474, "S345": 0.0006129, "S346": 0.0007956, "S347": 0.0001639, "S348": 0.0007445, "S349": 0.0007742, "S350": 0.0017681, "S351": 0.0024856, "S352": 0.0001746, "S353": 0.0003608, "S354": 0.0011636, "S355": 0.0008361, "S356": 9.17e-05, "S357": 0.0013546, "S358": 0.0010489, "S359": 0.0022525, "S360": 0.0006538, "S361": 0.0004138, "S362": 0.0005166, "S363": 0.0010368, "S364": 0.0001298, "S365": 0.000154, "S366": 0.0002545, "S367": 0.0012284, "S368": 0.001161, "S369": 0.0003165, "S370": 0.000789, "S371": 0.0001072, "S372": 1.55e-05, "S373": 0.0020664, "S374": 0.0012465, "S375": 0.0003322, "S376": 0.0006016, "S377": 0.0008788, "S378": 0.0020923, "S379": 6.78e-05, "S380": 0.0004992, "S381": 0.0005879, "S382": 0.0010168, "S383": 0.0008699, "S384": 0.000792, "S385": 0.0017558, "S386": 7.7e-05, "S387": 0.00214, "S388": 0.001838, "S389": 0.0007516, "S390": 9.35e-05, "S391": 7.25e-05, "S392": 0.0007191, "S393": 0.0001994, "S394": 0.0001922, "S395": 0.0001337, "S396": 0.0004615, "S397": 0.0015482, "S398": 0.0001918, "S399": 0.0001083, "S400": 4.46e-05, "S401": 0.0001797, "S402": 0.0001517, "S403": 0.0011415, "S404": 0.002028, "S405": 0.0022481, "S406": 0.0005002, "S407": 0.0003688, "S408": 0.0011539, "S409": 0.0015381, "S410": 0.0003796, "S411": 0.0020403, "S412": 0.000541, "S413": 0.0003239, "S414": 0.0008075, "S415": 0.0003111, "S416": 0.0024788, "S417": 0.0014843, "S418": 0.0018741, "S419": 0.0012927, "S420": 0.0002807, "S421": 0.0005499, "S422": 0.0018649, "S423": 0.0007131, "S424": 0.0014211, "S425": 1.04e-05, "S426": 2.3e-06, "S427": 0.0002178, "S428": 0.0005203, "S429": 0.0022314, "S430": 0.0005693,