{"S0": 0.0017878, "S1": 0.0002754, "S2": 0.0047484, "S3": 0.0008095, "S4": 0.0009993, "S5": 0.002353, "S6": 0.0021053, "S7": 0.0117943, "S8": 0.0035186, "S9": 0.0028276, "S10": 0.000323, "S11": 0.0046363, "S12": 0.0002342, "S13": 0.000391, "S14": 0.0039985, "S15": 0.0017991, "S16": 0.0078606, "S17": 0.0008783, "S18": 0.0017088, "S19": 0.0004578, "S20": 0.004693, "S21": 0.0067595, "S22": 0.002728, "S23": 0.0004177, "S24": 0.0173682, "S25": 0.0033353, "S26": 0.0006279, "S27": 0.0001325, "S28": 0.001328, "S29": 0.0034722, "S30": 0.0053684, "S31": 0.0017565, "S32": 0.0031339, "S33": 0.0004943, "S34": 0.001888, "S35": 0.002668, "S36": 0.0008663, "S37": 0.0005116, "S38": 0.0018908, "S39": 0.0001119, "S40": 0.0022865, "S41": 0.0009933, "S42": 0.0047619, "S43": 0.0001192, "S44": 0.0046851, "S45": 0.0001727, "S46": 0.0031964, "S47": 0.0006969, "S48": 0.000292, "S49": 0.001139, "S50": 0.0010908, "S51": 0.0007991, "S52": 0.001412, "S53": 0.0013979, "S54": 0.0011312, "S55": 0.0084211, "S56": 0.0025109, "S57": 0.0003494, "S58": 0.0016781, "S59": 0.0008769, "S60": 1.95e-05, "S61": 0.0082872, "S62": 0.0014362, "S63": 0.001382, "S64": 0.0004722, "S65": 0.001292, "S66": 0.0002536, "S67": 0.0035831, "S68": 0.0048478, "S69": 0.0012234, "S70": 9.49e-05, "S71": 0.001982, "S72": 0.0003561, "S73": 0.0009083, "S74": 0.0004143, "S75": 0.0013728, "S76": 0.0002453, "S77": 0.0031464, "S78": 0.003634, "S79": 0.0003945, "S80": 0.004648, "S81": 0.0026325, "S82": 0.0004635, "S83": 0.0032085, "S84": 0.0021645, "S85": 0.005754, "S86": 0.0005608, "S87": 0.0014464, "S88": 0.0006735, "S89": 0.0012382, "S90": 0.0045117, "S91": 0.0006388, "S92": 0.0004112, "S93": 0.0046257, "S94": 0.0043215, "S95": 0.0014051, "S96": 0.002621, "S97": 0.0038245, "S98": 0.0016736, "S99": 0.0083528, "S100": 0.0005691, "S101": 0.0024249, "S102": 0.0027607, "S103": 0.0034593, "S104": 3.95e-05, "S105": 0.0027408, "S106": 0.0070478, "S107": 0.0003433, "S108": 0.0034003, "S109": 0.0001013, "S110": 0.0035539, "S111": 0.0043324, "S112": 0.0021403, "S113": 0.0031078, "S114": 0.0129351, "S115": 4.13e-05, "S116": 0.0014337, "S117": 0.0016702, "S118": 0.0004358, "S119": 0.0004585, "S120": 0.0019372, "S121": 0.000614, "S122": 0.000974, "S123": 0.0005153, "S124": 0.0053315, "S125": 0.0023189, "S126": 0.0004576, "S127": 0.0022848, "S128": 4.44e-05, "S129": 0.0010954, "S130": 0.0039768, "S131": 0.0004183, "S132": 0.0014777, "S133": 0.0005329, "S134": 0.0008011, "S135": 6.82e-05, "S136": 0.0019915, "S137": 0.0007568, "S138": 9.19e-05, "S139": 4.11e-05, "S140": 0.0001697, "S141": 0.001044, "S142": 4.94e-05, "S143": 0.0004649, "S144": 0.0010066, "S145": 0.0017709, "S146": 0.0018921, "S147": 0.0036344, "S148": 0.001913, "S149": 0.0034482, "S150": 0.000333, "S151": 0.0001695, "S152": 0.0026141, "S153": 0.0083971, "S154": 0.0013427, "S155": 0.0021351, "S156": 0.0003835, "S157": 0.0013813, "S158": 0.0011646, "S159": 0.0024105, "S160": 0.0008603, "S161": 0.0034615, "S162": 0.0007423, "S163": 0.002952, "S164": 7.72e-05, "S165": 0.0020546, "S166": 0.0049154, "S167": 0.0028101, "S168": 1.87e-05, "S169": 0.0008295, "S170": 0.0015006, "S171": 0.0003671, "S172": 0.0015661, "S173": 0.0003975, "S174": 0.0008929, "S175": 0.0003991, "S176": 0.0001447, "S177": 0.0018553, "S178": 0.0006657, "S179": 0.0004497, "S180": 0.0013618, "S181": 0.0018224, "S182": 0.0031759, "S183": 0.0007764, "S184": 0.0012963, "S185": 0.0002224, "S186": 0.0051972, "S187": 0.001555, "S188": 0.0027017, "S189": 0.0007967, "S190": 0.0031501, "S191": 0.0056253, "S192": 0.0021931, "S193": 0.0028149, "S194": 0.0015794, "S195": 0.0015204, "S196": 0.0006128, "S197": 0.0031073, "S198": 0.0024096, "S199": 0.0004518, "S200": 0.0017623, "S201": 0.0022961, "S202": 0.001598, "S203": 0.000157, "S204": 0.0009041, "S205": 0.0002768, "S206": 0.002232, "S207": 0.0047135, "S208": 0.0011707, "S209": 0.0004141, "S210": 0.0023645, "S211": 0.0036517, "S212": 0.0030287, "S213": 0.0013176, "S214": 0.0043884, "S215": 0.0049854, "S216": 0.0015246, "S217": 0.0013336, "S218": 0.000886, "S219": 0.0060989, "S220": 0.0020615, "S221": 0.0002765, "S222": 4.38e-05, "S223": 0.0001832, "S224": 0.0003754, "S225": 0.0012962, "S226": 0.0029235, "S227": 0.0010912, "S228": 0.0024326, "S229": 0.0007559, "S230": 0.0013116, "S231": 0.001419, "S232": 0.0042805, "S233": 0.0004374, "S234": 0.002119, "S235": 0.0013035, "S236": 0.0042817, "S237": 0.0018423, "S238": 0.0004786, "S239": 0.0029844, "S240": 0.0001814, "S241": 0.0020304, "S242": 0.0034154, "S243": 0.0010211, "S244": 0.0002976, "S245": 0.0023667, "S246": 0.0011733, "S247": 0.0040893, "S248": 0.0026899, "S249": 0.0002946, "S250": 0.0021919, "S251": 0.0029141, "S252": 0.0020184, "S253": 0.0001922, "S254": 0.0040449, "S255": 0.0006752, "S256": 0.0033399, "S257": 0.0011858, "S258": 0.0008773, "S259": 0.0017665, "S260": 0.0035995, "S261": 0.0006683, "S262": 0.0003948, "S263": 0.000315, "S264": 0.0024523, "S265": 0.0020885, "S266": 0.0029465, "S267": 0.0007382, "S268": 0.0019952, "S269": 0.0033848, "S270": 0.0020275, "S271": 0.0016516, "S272": 8.11e-05, "S273": 0.0030178, "S274": 0.0003097, "S275": 0.001149, "S276": 0.0078927, "S277": 0.0011266, "S278": 0.0014581, "S279": 0.0023751, "S280": 0.0029759, "S281": 0.0047469, "S282": 0.0026396, "S283": 0.0012669, "S284": 0.0008063, "S285": 0.0013863, "S286": 0.0007126, "S287": 0.0035453, "S288": 0.0034358, "S289": 0.0005761, "S290": 0.0039112, "S291": 0.0003545, "S292": 0.0003738, "S293": 0.0019118, "S294": 0.0029656, "S295": 0.0011526, "S296": 0.0002988, "S297": 0.0026577, "S298": 0.0001583, "S299": 0.0024009, "S300": 0.0007442, "S301": 0.0010796, "S302": 0.0004802, "S303": 0.0002352, "S304": 0.005346, "S305": 0.001511, "S306": 0.0011294, "S307": 0.0031967, "S308": 0.0028725, "S309": 0.0047232, "S310": 0.0007935, "S311": 0.0010928, "S312": 0.0025318, "S313": 0.0027401, "S314": 0.0008683, "S315": 0.0008272, "S316": 0.0003472, "S317": 0.0017601, "S318": 0.0034044, "S319": 0.0038558, "S320": 0.0002356, "S321": 0.0019611, "S322": 0.0002183, "S323": 0.0005603, "S324": 0.00241, "S325": 0.0013406, "S326": 0.006098, "S327": 0.0023848, "S328": 0.0010791, "S329": 0.0033181, "S330": 0.0028623, "S331": 0.00206, "S332": 0.0021171, "S333": 0.0004953, "S334": 0.0002579, "S335": 0.0009013, "S336": 0.0034105, "S337": 0.0010633, "S338": 0.0025383, "S339": 0.0013396, "S340": 0.00049, "S341": 0.001007, "S342": 0.0005555, "S343": 0.0011965, "S344": 0.0011151, "S345": 0.0007018, "S346": 0.0010476, "S347": 0.0005207, "S348": 0.0016097, "S349": 9.09e-05, "S350": 0.0010026, "S351": 0.0001585, "S352": 0.0004139, "S353": 0.0001602, "S354": 7.97e-05, "S355": 0.0001758, "S356": 0.0001757, "S357": 0.0039715, "S358": 0.0016234, "S359": 0.0022319, "S360": 0.0019111, "S361": 0.0017777, "S362": 0.0006124, "S363": 0.001073, "S364": 6.27e-05, "S365": 0.0003977, "S366": 0.0018549, "S367": 0.0011353, "S368": 0.0005473, "S369": 0.0041887, "S370": 0.0015682, "S371": 0.0043211, "S372": 0.0091343, "S373": 0.000951, "S374": 0.0013734, "S375": 0.0004133, "S376": 0.0004773, "S377": 0.0013985, "S378": 0.0004667, "S379": 0.0005665, "S380": 0.0012187, "S381": 0.0008837, "S382": 0.0014854, "S383": 4.8e-06, "S384": 0.0016733, "S385": 0.000605, "S386": 0.0005697, "S387": 0.0017087, "S388": 0.0012403, "S389": 0.0008464, "S390": 0.0009661, "S391": 0.0067056, "S392": 0.0016072, "S393": 0.0011506, "S394": 0.0006748, "S395": 0.0020492, "S396": 0.0003997, "S397": 0.0017283, "S398": 0.0013275, "S399": 0.0004074, "S400": 0.004371, "S401": 0.0080231, "S402": 0.002579, "S403": 0.0014149, "S404": 0.0043187, "S405": 0.0049899, "S406": 0.0019301, "S407": 0.0010839, "S408": 0.0015787, "S409": 1.62e-05, "S410": 0.0005251, "S411": 0.0060477, "S412": 0.0002861, "S413": 0.0011316, "S414": 0.0025397, "S415": 0.0029443, "S416": 0.0007004, "S417": 0.0015668, "S418": 0.0042179, "S419": 0.0017974, "S420": 0.0047862, "S421": 0.0073559, "S422": 0.0009316, "S423": 0.0078326, "S424": 0.0009564, "S425": 0.0046255, "S426": 0.0010437, "S427": 0.0016844, "S428": 0.0049783, "S429": 3.39e-05,