{"S0": 0.0022791, "S1": 0.0036277, "S2": 0.0117356, "S3": 0.0046846, "S4": 0.0011046, "S5": 0.0030934, "S6": 0.0010473, "S7": 0.0011214, "S8": 0.0006633, "S9": 0.0007138, "S10": 0.0008397, "S11": 0.0008096, "S12": 0.0015387, "S13": 0.0028584, "S14": 0.0018916, "S15": 0.0001029, "S16": 0.0016994, "S17": 0.0041141, "S18": 0.0101725, "S19": 0.0015876, "S20": 0.0005718, "S21": 0.0049409, "S22": 0.0036578, "S23": 0.000274, "S24": 0.0035798, "S25": 0.0018731, "S26": 0.0012431, "S27": 0.0031743, "S28": 0.0035962, "S29": 0.0008493, "S30": 0.0019502, "S31": 0.0002028, "S32": 0.0041523, "S33": 0.0002533, "S34": 0.0012471, "S35": 0.0219894, "S36": 0.0051364, "S37": 0.0021841, "S38": 0.002803, "S39": 0.0004762, "S40": 0.0002119, "S41": 0.0002629, "S42": 0.0004733, "S43": 0.0090478, "S44": 0.0011903, "S45": 0.000715, "S46": 0.007215, "S47": 0.0015127, "S48": 0.0029603, "S49": 0.0015033, "S50": 0.0031488, "S51": 0.0017044, "S52": 2.3e-06, "S53": 0.003771, "S54": 0.0001548, "S55": 0.0033574, "S56": 0.0043923, "S57": 0.0002398, "S58": 0.0009619, "S59": 0.00597, "S60": 0.0003493, "S61": 0.0003677, "S62": 0.0006489, "S63": 0.001714, "S64": 0.0037687, "S65": 1.78e-05, "S66": 0.002143, "S67": 0.0005853, "S68": 0.0095261, "S69": 0.0002763, "S70": 0.0058308, "S71": 0.0027852, "S72": 0.0012465, "S73": 0.0015486, "S74": 0.0021294, "S75": 0.0040114, "S76": 0.0066109, "S77": 9.8e-05, "S78": 0.0037507, "S79": 0.0096546, "S80": 0.0017823, "S81": 0.0018976, "S82": 0.0021568, "S83": 0.0039025, "S84": 0.0029243, "S85": 0.0001663, "S86": 0.0184751, "S87": 0.004362, "S88": 0.0005176, "S89": 0.0018777, "S90": 4.83e-05, "S91": 0.0023586, "S92": 0.0026547, "S93": 5.26e-05, "S94": 0.0040089, "S95": 0.0052113, "S96": 0.000144, "S97": 9.8e-06, "S98": 0.0038717, "S99": 0.0023022, "S100": 0.0009895, "S101": 0.0005027, "S102": 0.0022812, "S103": 0.0035032, "S104": 0.0008757, "S105": 0.0038858, "S106": 0.007068, "S107": 0.0037732, "S108": 0.0039612, "S109": 0.0027889, "S110": 0.0031962, "S111": 0.0003542, "S112": 0.0010383, "S113": 0.0101161, "S114": 0.0004879, "S115": 0.0016013, "S116": 0.0138213, "S117": 0.0007863, "S118": 0.0004367, "S119": 0.0040426, "S120": 0.0020995, "S121": 3.56e-05, "S122": 0.0009636, "S123": 0.0045269, "S124": 0.002711, "S125": 0.00198, "S126": 0.002035, "S127": 0.0006873, "S128": 0.0034016, "S129": 0.0056927, "S130": 0.0009277, "S131": 0.0026333, "S132": 0.0016795, "S133": 0.0019482, "S134": 0.0007331, "S135": 0.0091025, "S136": 0.0020149, "S137": 0.0010746, "S138": 0.006609, "S139": 0.0079332, "S140": 0.009933, "S141": 0.0065688, "S142": 0.0003536, "S143": 0.0044469, "S144": 0.0009545, "S145": 0.0017677, "S146": 0.0010022, "S147": 0.0011515, "S148": 0.0080223, "S149": 0.0029253, "S150": 0.0033455, "S151": 0.0044956, "S152": 0.0012672, "S153": 0.0020199, "S154": 0.0002598, "S155": 0.001846, "S156": 0.0082371, "S157": 0.0054803, "S158": 0.0014775, "S159": 0.0031161, "S160": 0.0031552, "S161": 0.0088593, "S162": 0.0018295, "S163": 0.0003918, "S164": 0.0056403, "S165": 0.0033743, "S166": 0.0092444, "S167": 0.0029234, "S168": 0.0002285, "S169": 0.0014922, "S170": 0.0005348, "S171": 0.0033581, "S172": 0.0014443, "S173": 0.0011941, "S174": 0.0076306, "S175": 0.0081133, "S176": 0.0001468, "S177": 0.0016873, "S178": 0.0006551, "S179": 0.0047736, "S180": 0.0013601, "S181": 0.0016487, "S182": 0.0084428, "S183": 0.0057862, "S184": 0.0103011, "S185": 0.0030939, "S186": 0.0023079, "S187": 0.0010484, "S188": 0.0028369, "S189": 0.0073747, "S190": 0.0061582, "S191": 0.0152751, "S192": 0.000113, "S193": 0.0009969, "S194": 0.0006866, "S195": 0.0017088, "S196": 0.0013555, "S197": 0.0017157, "S198": 0.0008444, "S199": 0.0107533, "S200": 0.0052262, "S201": 0.0009903, "S202": 0.0014293, "S203": 0.0056973, "S204": 0.0004855, "S205": 0.0003356, "S206": 0.0033777, "S207": 0.001207, "S208": 0.0093111, "S209": 0.0049346, "S210": 0.009429, "S211": 0.0025826, "S212": 0.0006265, "S213": 0.0017134, "S214": 0.0058617, "S215": 0.0046483, "S216": 0.0023614, "S217": 0.0067495, "S218": 0.0067068, "S219": 0.0043167, "S220": 0.0014743, "S221": 0.0003576, "S222": 0.0004384, "S223": 0.0030248, "S224": 0.0031338, "S225": 0.0036195, "S226": 0.0008283, "S227": 0.009559, "S228": 0.0006838, "S229": 0.0123847, "S230": 0.0027905, "S231": 0.0023483, "S232": 0.0023213, "S233": 0.0061483, "S234": 0.0020607, "S235": 0.001586, "S236": 0.000642, "S237": 0.0063366, "S238": 0.0019424, "S239": 0.0069881, "S240": 0.0040241, "S241": 0.0008654, "S242": 0.0044978, "S243": 0.000886, "S244": 0.0085953, "S245": 0.0105242, "S246": 0.0035049, "S247": 0.0119642, "S248": 0.000237, "S249": 0.0072911, "S250": 0.0052195, "S251": 0.0008866, "S252": 0.0004782, "S253": 0.0074334, "S254": 0.0028336, "S255": 0.000985, "S256": 0.0018351, "S257": 0.0005105, "S258": 0.0039868, "S259": 0.0018799, "S260": 0.0029568, "S261": 0.0013265, "S262": 0.0040479, "S263": 0.0008324, "S264": 0.0051172, "S265": 0.0073323, "S266": 0.003491, "S267": 0.0018033, "S268": 5.53e-05, "S269": 0.0049004, "S270": 0.0044516, "S271": 0.0025663, "S272": 0.0003854, "S273": 0.0010547, "S274": 0.0021261, "S275": 0.0027603, "S276": 0.0020498, "S277": 0.0043259, "S278": 0.0031841, "S279": 0.0124978, "S280": 0.0121172, "S281": 0.0082823, "S282": 0.0017254, "S283": 0.0033852, "S284": 0.0060253, "S285": 0.0002465, "S286": 0.0063004, "S287": 0.0024372, "S288": 0.0008578, "S289": 0.000527, "S290": 0.0007507, "S291": 0.0051394, "S292": 0.0061865, "S293": 0.0013664, "S294": 0.001583, "S295": 0.0101595, "S296": 0.0096312, "S297": 0.0017368, "S298": 0.0010762, "S299": 0.0002247}