{"S0": 0.0017086, "S1": 0.0023207, "S2": 0.0002841, "S3": 0.0011484, "S4": 0.0008271, "S5": 0.0006726, "S6": 0.0002061, "S7": 0.0014427, "S8": 0.0011828, "S9": 0.0015925, "S10": 0.0053137, "S11": 0.0006734, "S12": 0.0018553, "S13": 0.0004003, "S14": 0.0027634, "S15": 0.0026807, "S16": 0.0006085, "S17": 0.0002166, "S18": 0.0011831, "S19": 0.0010729, "S20": 0.001349, "S21": 0.0006972, "S22": 0.0041773, "S23": 5.15e-05, "S24": 0.0003024, "S25": 9.15e-05, "S26": 8.63e-05, "S27": 0.0021821, "S28": 0.0003434, "S29": 0.0001742, "S30": 0.0044763, "S31": 0.0006, "S32": 0.0010145, "S33": 0.0007474, "S34": 0.0003878, "S35": 0.0008071, "S36": 0.0003157, "S37": 0.0003107, "S38": 0.0010286, "S39": 0.0033445, "S40": 0.0003392, "S41": 0.0001738, "S42": 0.0011947, "S43": 1.47e-05, "S44": 0.0011525, "S45": 3.77e-05, "S46": 0.0002829, "S47": 0.0003887, "S48": 0.0008434, "S49": 0.0008327, "S50": 0.0016496, "S51": 0.0009693, "S52": 3.37e-05, "S53": 0.0014205, "S54": 0.0001559, "S55": 0.0001822, "S56": 0.0020722, "S57": 0.0001523, "S58": 0.0005199, "S59": 0.0007006, "S60": 5.62e-05, "S61": 6.21e-05, "S62": 0.0001899, "S63": 0.0008905, "S64": 0.0018578, "S65": 0.0008296, "S66": 0.0007404, "S67": 0.0001089, "S68": 4.88e-05, "S69": 0.0011399, "S70": 3.95e-05, "S71": 0.0013086, "S72": 0.0015718, "S73": 0.0001653, "S74": 0.0011039, "S75": 0.0005684, "S76": 0.0002152, "S77": 0.0008709, "S78": 0.0007434, "S79": 0.0013736, "S80": 0.0002698, "S81": 0.0005241, "S82": 2.85e-05, "S83": 0.0007993, "S84": 0.0041433, "S85": 0.0010497, "S86": 0.0031363, "S87": 0.0005822, "S88": 0.0014051, "S89": 0.0003796, "S90": 0.0001906, "S91": 0.0035277, "S92": 0.0042694, "S93": 0.0002396, "S94": 0.0022894, "S95": 0.0028493, "S96": 0.000497, "S97": 9.83e-05, "S98": 0.0005747, "S99": 7.36e-05, "S100": 9.59e-05, "S101": 0.0020452, "S102": 0.0004848, "S103": 0.0003972, "S104": 0.0007426, "S105": 0.0011378, "S106": 0.0005706, "S107": 0.0025885, "S108": 0.0040557, "S109": 0.0024354, "S110": 0.0010636, "S111": 0.001283, "S112": 0.0004158, "S113": 0.000207, "S114": 0.000299, "S115": 0.0014776, "S116": 0.0007169, "S117": 8.39e-05, "S118": 0.0025679, "S119": 0.0001478, "S120": 0.00094, "S121": 6.17e-05, "S122": 0.0049547, "S123": 0.0011501, "S124": 0.0004746, "S125": 0.0001798, "S126": 0.0017067, "S127": 0.0007779, "S128": 0.0013084, "S129": 0.0018322, "S130": 0.0003959, "S131": 0.0018601, "S132": 0.0014144, "S133": 0.0003482, "S134": 0.0013698, "S135": 0.000122, "S136": 0.000142, "S137": 0.0001623, "S138": 0.0030812, "S139": 5.13e-05, "S140": 0.0012183, "S141": 0.0003577, "S142": 0.0015777, "S143": 0.0007569, "S144": 6.28e-05, "S145": 0.0002758, "S146": 0.0012326, "S147": 0.0007032, "S148": 0.0002831, "S149": 4.1e-05, "S150": 3.41e-05, "S151": 0.0014633, "S152": 0.0002692, "S153": 0.0002462, "S154": 0.0005542, "S155": 0.0007221, "S156": 0.0003558, "S157": 0.0019134, "S158": 0.0009993, "S159": 0.0002859, "S160": 0.000619, "S161": 0.000756, "S162": 0.0002802, "S163": 0.0009751, "S164": 0.0003558, "S165": 0.0003186, "S166": 7.76e-05, "S167": 0.0037233, "S168": 0.0027664, "S169": 0.0007473, "S170": 0.0001606, "S171": 5.67e-05, "S172": 0.0014596, "S173": 0.0018422, "S174": 0.0024423, "S175": 0.0002596, "S176": 0.0035072, "S177": 0.000899, "S178": 0.0007371, "S179": 5.9e-05, "S180": 0.0005735, "S181": 1.73e-05, "S182": 0.0005166, "S183": 0.0002627, "S184": 0.0015212, "S185": 0.0022675, "S186": 0.0005587, "S187": 0.0008975, "S188": 0.00076, "S189": 0.0008436, "S190": 0.0010131, "S191": 0.0025505, "S192": 0.0020913, "S193": 0.0003633, "S194": 0.0003876, "S195": 0.001936, "S196": 0.0006375, "S197": 0.000262, "S198": 0.000599, "S199": 0.000306, "S200": 1.8e-05, "S201": 0.0041575, "S202": 0.000132, "S203": 0.0040093, "S204": 0.0012639, "S205": 0.002847, "S206": 0.0008908, "S207": 0.0001404, "S208": 0.0003754, "S209": 0.000931, "S210": 0.0006303, "S211": 0.0025851, "S212": 0.0006507, "S213": 0.001423, "S214": 0.0006251, "S215": 0.0006978, "S216": 0.0003393, "S217": 2.72e-05, "S218": 0.0016394, "S219": 0.0002851, "S220": 0.0001859, "S221": 0.0035348, "S222": 0.0017588, "S223": 0.0013306, "S224": 0.0004393, "S225": 0.0014122, "S226": 7.29e-05, "S227": 0.0010943, "S228": 0.001244, "S229": 0.0024851, "S230": 0.0012347, "S231": 0.0003734, "S232": 0.000613, "S233": 0.0006456, "S234": 0.0011934, "S235": 0.0007043, "S236": 0.0013629, "S237": 7.14e-05, "S238": 0.0005547, "S239": 0.0001921, "S240": 0.0001603, "S241": 0.0008638, "S242": 0.0003812, "S243": 0.0014152, "S244": 0.0006615, "S245": 0.0004535, "S246": 0.0004724, "S247": 0.0007717, "S248": 0.0009357, "S249": 0.0041601, "S250": 7.9e-06, "S251": 0.0009908, "S252": 0.0038722, "S253": 0.0004151, "S254": 0.003566, "S255": 0.001588, "S256": 0.0021157, "S257": 0.0010694, "S258": 0.000473, "S259": 0.0011721, "S260": 0.0012631, "S261": 0.0011321, "S262": 0.0007354, "S263": 3.72e-05, "S264": 0.0002294, "S265": 0.0001101, "S266": 0.0003979, "S267": 0.002991, "S268": 0.0006048, "S269": 0.0005054, "S270": 0.0015042, "S271": 1e-05, "S272": 0.0008959, "S273": 0.0009347, "S274": 0.0004663, "S275": 0.0003058, "S276": 0.0009226, "S277": 0.0007802, "S278": 0.0015611, "S279": 0.0006497, "S280": 0.0003216, "S281": 0.0002747, "S282": 0.0012587, "S283": 5.8e-06, "S284": 0.0002223, "S285": 0.0005345, "S286": 0.0004821, "S287": 0.0042212, "S288": 0.0005096, "S289": 0.0026188, "S290": 0.0012243, "S291": 0.000304, "S292": 0.0002945, "S293": 0.0019987, "S294": 0.0002989, "S295": 0.000502, "S296": 0.0005741, "S297": 1.2e-05, "S298": 0.0009916, "S299": 0.0005243, "S300": 0.0009818, "S301": 0.0004043, "S302": 0.0007271, "S303": 6.22e-05, "S304": 1.32e-05, "S305": 0.0044369, "S306": 0.0011801, "S307": 0.0012654, "S308": 3.52e-05, "S309": 0.003488, "S310": 0.0002551, "S311": 0.0004462, "S312": 0.0003068, "S313": 0.0009839, "S314": 0.0015727, "S315": 0.001657, "S316": 0.0008832, "S317": 0.0013713, "S318": 0.0014993, "S319": 0.0008044, "S320": 2.3e-05, "S321": 0.0003946, "S322": 0.0001204, "S323": 0.0014085, "S324": 1.14e-05, "S325": 0.0001415, "S326": 3.1e-06, "S327": 0.0009897, "S328": 0.0030737, "S329": 0.0004783, "S330": 0.0019283, "S331": 0.0004664, "S332": 0.002157, "S333": 0.0021936, "S334": 0.0001881, "S335": 0.0009549, "S336": 0.0027028, "S337": 0.0029209, "S338": 0.0018267, "S339": 0.0004183, "S340": 0.0011793, "S341": 0.002518, "S342": 0.000268, "S343": 0.0001939, "S344": 0.0008262, "S345": 0.0006079, "S346": 0.0006976, "S347": 0.0040608, "S348": 0.0014055, "S349": 0.0017085, "S350": 0.0006153, "S351": 0.0008786, "S352": 0.0001287, "S353": 0.0020421, "S354": 0.0015574, "S355": 0.0008307, "S356": 0.0029161, "S357": 0.0002382, "S358": 0.0002492, "S359": 0.0031541, "S360": 0.0001516, "S361": 0.0012673, "S362": 0.0027048, "S363": 0.0001187, "S364": 0.0033164, "S365": 7.92e-05, "S366": 0.0013076, "S367": 0.0004567, "S368": 0.0014753, "S369": 0.0033404, "S370": 0.0007613, "S371": 0.0001618, "S372": 0.0049314, "S373": 0.0022087, "S374": 0.0011115, "S375": 0.0001865, "S376": 0.0014555, "S377": 0.0013794, "S378": 0.0055142, "S379": 0.0019211, "S380": 0.0001936, "S381": 0.0022226, "S382": 0.0026479, "S383": 0.0002939, "S384": 0.0021727, "S385": 0.0015708, "S386": 0.0013537, "S387": 0.0011525, "S388": 0.0006667, "S389": 0.000572, "S390": 0.000126, "S391": 0.0006624, "S392": 0.0018087, "S393": 0.0021257, "S394": 0.0014619, "S395": 0.0002369, "S396": 0.0003334, "S397": 0.0007288, "S398": 0.0003331, "S399": 0.0024242, "S400": 0.000173, "S401": 0.0021327, "S402": 0.0009129, "S403": 0.0022391, "S404": 0.0003442, "S405": 0.0004934, "S406": 0.0028681, "S407": 0.0005885, "S408": 0.0010329, "S409": 0.0008954, "S410": 0.0003523, "S411": 0.0038515, "S412": 0.0029179, "S413": 0.0007748, "S414": 0.0056615, "S415": 0.0001302, "S416": 0.0002121, "S417": 0.0003252, "S418": 0.0027109, "S419": 0.00157, "S420": 0.0005065, "S421": 0.0016046, "S422": 0.000155, "S423": 4.38e-05, "S424": 0.0021663, "S425": 0.001094, "S426": 0.0001247, "S427": 0.0021078, "S428": 0.0011047, "S429": 0.0017663, "S430": 0.0012565, "S431": 0.0013,